case,bus,nameplate_kW,pv_P_kW,pv_Q_kvar,v_pv_pu,v_max_pu,line,line_end,line_P_kW,line_Q_kvar,line_S_kVA,line_I_A,line_V_pu,line_loading_pct,trafo_loading_pct
A_NC_at_NC_limit,1,275.7,275.7,0.0,1.0303,1.0303,18,to,254.69,-8.3,254.83,356.99,1.0303,100.0,33.78
B_VVAR_same_size,1,275.7,275.7,-15.24,1.0275,1.0275,18,to,254.69,-23.54,255.78,359.29,1.0275,100.64,35.9
C_VVAR_at_VVAR_limit,1,274.0,274.0,-14.8,1.0274,1.0274,18,to,252.99,-23.1,254.05,356.92,1.0274,99.98,35.96
A_NC_at_NC_limit,2,332.9,332.9,0.0,1.0227,1.025,24,to,250.75,-32.49,252.85,356.87,1.0227,99.96,29.56
B_VVAR_same_size,2,332.9,332.9,-4.81,1.022,1.025,24,to,250.75,-37.3,253.51,358.04,1.022,100.29,30.3
C_VVAR_at_VVAR_limit,2,332.2,332.2,-4.72,1.0219,1.025,24,to,250.05,-37.21,252.81,357.07,1.0219,100.02,30.32
A_NC_at_NC_limit,3,366.8,366.8,0.0,1.0181,1.025,32,to,247.29,-47.34,251.78,356.94,1.0181,99.98,28.24
B_VVAR_same_size,3,366.8,366.8,0.0,1.0181,1.025,32,to,247.29,-47.34,251.78,356.94,1.0181,99.98,28.24
C_VVAR_at_VVAR_limit,3,366.8,366.8,0.0,1.0181,1.025,32,to,247.29,-47.34,251.78,356.94,1.0181,99.98,28.24
A_NC_at_NC_limit,4,259.8,259.8,0.0,1.0097,1.025,20,to,249.63,-7.11,249.73,356.99,1.0097,100.0,34.64
B_VVAR_same_size,4,259.8,259.8,0.0,1.0097,1.025,20,to,249.63,-7.11,249.73,356.99,1.0097,100.0,34.64
C_VVAR_at_VVAR_limit,4,259.8,259.8,0.0,1.0097,1.025,20,to,249.63,-7.11,249.73,356.99,1.0097,100.0,34.64
A_NC_at_NC_limit,5,299.8,299.8,0.0,1.0296,1.0296,6,from,253.46,-24.14,254.6,356.91,1.0296,99.98,31.77
B_VVAR_same_size,5,299.8,299.8,-15.16,1.0269,1.0269,6,from,253.46,-39.29,256.48,360.51,1.0269,100.98,34.0
C_VVAR_at_VVAR_limit,5,297.3,297.3,-14.5,1.0266,1.0266,6,from,250.96,-38.64,253.91,356.98,1.0266,100.0,34.06
A_NC_at_NC_limit,6,322.8,322.8,0.0,1.0243,1.025,1,to,251.72,-28.11,253.28,356.91,1.0243,99.98,30.15
B_VVAR_same_size,6,322.8,322.8,-7.45,1.0232,1.025,1,to,251.72,-35.55,254.22,358.62,1.0232,100.46,31.28
C_VVAR_at_VVAR_limit,6,321.6,321.6,-7.21,1.0231,1.025,1,to,250.52,-35.32,252.99,356.93,1.0231,99.98,31.31
A_NC_at_NC_limit,7,283.5,283.5,0.0,1.0262,1.0262,17,to,253.48,-11.86,253.76,356.92,1.0262,99.98,32.94
B_VVAR_same_size,7,283.5,283.5,-9.54,1.0246,1.025,17,to,253.48,-21.4,254.38,358.36,1.0246,100.38,34.29
C_VVAR_at_VVAR_limit,7,282.5,282.5,-9.31,1.0245,1.025,17,to,252.48,-21.18,253.37,356.96,1.0245,99.99,34.33
A_NC_at_NC_limit,8,291.4,291.4,0.0,1.0309,1.0309,9,from,254.08,-20.57,254.91,356.89,1.0309,99.97,32.45
B_VVAR_same_size,8,291.4,291.4,-16.62,1.0278,1.0278,9,from,254.08,-37.19,256.78,360.61,1.0278,101.01,34.85
C_VVAR_at_VVAR_limit,8,288.8,288.8,-15.95,1.0275,1.0275,9,from,251.48,-36.51,254.11,356.96,1.0275,99.99,34.93
A_NC_at_NC_limit,9,263.7,263.7,0.0,1.0098,1.025,2,to,249.53,-8.69,249.68,356.89,1.0098,99.97,34.28
B_VVAR_same_size,9,263.7,263.7,0.0,1.0098,1.025,2,to,249.53,-8.69,249.68,356.89,1.0098,99.97,34.28
C_VVAR_at_VVAR_limit,9,263.7,263.7,0.0,1.0098,1.025,2,to,249.53,-8.69,249.68,356.89,1.0098,99.97,34.28
A_NC_at_NC_limit,10,348.6,348.6,0.0,1.0204,1.025,10,to,249.32,-39.29,252.4,357.03,1.0204,100.01,28.82
B_VVAR_same_size,10,348.6,348.6,-0.73,1.0203,1.025,10,to,249.32,-40.02,252.51,357.22,1.0203,100.06,28.93
C_VVAR_at_VVAR_limit,10,348.4,348.4,-0.7,1.0203,1.025,10,to,249.12,-39.99,252.31,356.94,1.0203,99.98,28.94
A_NC_at_NC_limit,11,371.2,371.2,0.0,1.0117,1.025,0,to,245.16,-50.05,250.22,357.0,1.0117,100.0,27.99
B_VVAR_same_size,11,371.2,371.2,0.0,1.0117,1.025,0,to,245.16,-50.05,250.22,357.0,1.0117,100.0,27.99
C_VVAR_at_VVAR_limit,11,371.2,371.2,0.0,1.0117,1.025,0,to,245.16,-50.05,250.22,357.0,1.0117,100.0,27.99
A_NC_at_NC_limit,12,263.6,263.6,0.0,1.0161,1.025,13,to,250.8,-15.02,251.25,356.91,1.0161,99.98,34.56
B_VVAR_same_size,12,263.6,263.6,0.0,1.0161,1.025,13,to,250.8,-15.02,251.25,356.91,1.0161,99.98,34.56
C_VVAR_at_VVAR_limit,12,263.6,263.6,0.0,1.0161,1.025,13,to,250.8,-15.02,251.25,356.91,1.0161,99.98,34.56
A_NC_at_NC_limit,13,262.3,262.3,0.0,1.0203,1.025,21,to,252.3,-3.95,252.33,356.97,1.0203,99.99,34.61
B_VVAR_same_size,13,262.3,262.3,-0.4,1.0202,1.025,21,to,252.3,-4.35,252.34,357.01,1.0202,100.0,34.66
C_VVAR_at_VVAR_limit,13,262.3,262.3,-0.4,1.0202,1.025,21,to,252.3,-4.35,252.34,357.01,1.0202,100.0,34.66
A_NC_at_NC_limit,14,269.5,269.5,0.0,1.0175,1.025,27,to,251.5,-7.11,251.6,356.9,1.0175,99.97,33.83
B_VVAR_same_size,14,269.5,269.5,0.0,1.0175,1.025,27,to,251.5,-7.11,251.6,356.9,1.0175,99.97,33.83
C_VVAR_at_VVAR_limit,14,269.5,269.5,0.0,1.0175,1.025,27,to,251.5,-7.11,251.6,356.9,1.0175,99.97,33.83
A_NC_at_NC_limit,15,337.3,337.3,0.0,1.0208,1.025,26,to,250.07,-34.52,252.44,356.95,1.0208,99.99,29.29
B_VVAR_same_size,15,337.3,337.3,-1.43,1.0206,1.025,26,to,250.07,-35.95,252.64,357.3,1.0206,100.09,29.51
C_VVAR_at_VVAR_limit,15,337.0,337.0,-1.39,1.0206,1.025,26,to,249.77,-35.91,252.34,356.88,1.0206,99.97,29.52
A_NC_at_NC_limit,17,267.9,267.9,0.0,1.0432,1.0432,34,from,257.9,-3.95,257.93,356.88,1.0432,99.97,35.03
B_VVAR_same_size,17,267.9,267.9,-31.84,1.0362,1.0362,34,from,257.9,-35.79,260.37,362.69,1.0362,101.59,39.46
C_VVAR_at_VVAR_limit,17,263.8,263.8,-30.4,1.0357,1.0357,34,from,253.8,-34.35,256.11,356.93,1.0357,99.98,39.55
A_NC_at_NC_limit,18,266.6,266.6,0.0,1.0337,1.0337,39,from,255.6,-4.35,255.64,356.95,1.0337,99.98,34.63
B_VVAR_same_size,18,266.6,266.6,-19.06,1.0298,1.0298,39,from,255.6,-23.41,256.67,359.76,1.0298,100.77,37.25
C_VVAR_at_VVAR_limit,18,264.6,264.6,-18.46,1.0295,1.0295,39,from,253.6,-22.8,254.62,356.98,1.0295,99.99,37.32
A_NC_at_NC_limit,19,308.7,308.7,0.0,1.0304,1.0304,22,from,253.35,-27.7,254.86,357.02,1.0304,100.0,31.2
B_VVAR_same_size,19,308.7,308.7,-16.68,1.0274,1.0274,22,from,253.35,-44.37,257.21,361.35,1.0274,101.22,33.69
C_VVAR_at_VVAR_limit,19,305.6,305.6,-15.89,1.0271,1.0271,22,from,250.25,-43.59,254.02,356.98,1.0271,99.99,33.75
A_NC_at_NC_limit,21,313.2,313.2,0.0,1.0239,1.025,14,to,252.13,-24.15,253.28,357.04,1.0239,100.01,30.71
B_VVAR_same_size,21,313.2,313.2,-6.68,1.0229,1.025,14,to,252.13,-30.83,254.01,358.41,1.0229,100.4,31.7
C_VVAR_at_VVAR_limit,21,312.2,312.2,-6.49,1.0228,1.025,14,to,251.13,-30.63,252.99,357.01,1.0228,100.0,31.73
A_NC_at_NC_limit,22,286.3,286.3,0.0,1.0333,1.0333,30,from,255.29,-12.26,255.59,357.02,1.0333,100.01,32.95
B_VVAR_same_size,22,286.3,286.3,-19.75,1.0294,1.0294,30,from,255.29,-32.0,257.29,360.76,1.0294,101.05,35.78
C_VVAR_at_VVAR_limit,22,283.6,283.6,-18.95,1.0291,1.0291,30,from,252.59,-31.21,254.51,356.96,1.0291,99.99,35.85
A_NC_at_NC_limit,24,316.9,316.9,0.0,1.0289,1.0289,12,from,252.51,-31.28,254.44,356.95,1.0289,99.99,30.62
B_VVAR_same_size,24,316.9,316.9,-14.73,1.0263,1.0263,12,from,252.51,-46.01,256.66,360.96,1.0263,101.11,32.85
C_VVAR_at_VVAR_limit,24,314.1,314.1,-14.02,1.0261,1.0261,12,from,249.71,-45.3,253.78,356.99,1.0261,100.0,32.89
A_NC_at_NC_limit,25,369.1,369.1,0.0,1.0188,1.025,5,from,245.94,-54.68,251.94,356.93,1.0188,99.98,28.2
B_VVAR_same_size,25,369.1,369.1,0.0,1.0188,1.025,5,from,245.94,-54.68,251.94,356.93,1.0188,99.98,28.2
C_VVAR_at_VVAR_limit,25,369.1,369.1,0.0,1.0188,1.025,5,from,245.94,-54.68,251.94,356.93,1.0188,99.98,28.2
A_NC_at_NC_limit,26,263.4,263.4,0.0,1.0167,1.025,25,from,251.4,-4.74,251.44,356.95,1.0167,99.99,34.37
B_VVAR_same_size,26,263.4,263.4,0.0,1.0167,1.025,25,from,251.4,-4.74,251.44,356.95,1.0167,99.99,34.37
C_VVAR_at_VVAR_limit,26,263.4,263.4,0.0,1.0167,1.025,25,from,251.4,-4.74,251.44,356.95,1.0167,99.99,34.37
A_NC_at_NC_limit,27,267.7,267.7,0.0,1.0099,1.025,56,to,249.53,-10.28,249.74,356.94,1.0099,99.98,33.92
B_VVAR_same_size,27,267.7,267.7,0.0,1.0099,1.025,56,to,249.53,-10.28,249.74,356.94,1.0099,99.98,33.92
C_VVAR_at_VVAR_limit,27,267.7,267.7,0.0,1.0099,1.025,56,to,249.53,-10.28,249.74,356.94,1.0099,99.98,33.92
A_NC_at_NC_limit,28,327.5,327.5,0.0,1.0295,1.0295,29,from,252.09,-35.64,254.6,356.95,1.0295,99.99,30.05
B_VVAR_same_size,28,327.5,327.5,-16.18,1.0267,1.0267,29,from,252.09,-51.82,257.36,361.79,1.0267,101.34,32.54
C_VVAR_at_VVAR_limit,28,324.1,324.1,-15.36,1.0264,1.0264,29,from,248.69,-51.0,253.86,356.98,1.0264,99.99,32.57
A_NC_at_NC_limit,29,295.2,295.2,0.0,1.0258,1.0258,38,to,253.17,-16.61,253.72,357.0,1.0258,100.0,32.02
B_VVAR_same_size,29,295.2,295.2,-9.27,1.0243,1.025,38,to,253.17,-25.88,254.49,358.62,1.0243,100.45,33.35
C_VVAR_at_VVAR_limit,29,294.0,294.0,-9.01,1.0242,1.025,38,to,251.97,-25.62,253.27,356.93,1.0242,99.98,33.4
A_NC_at_NC_limit,30,256.4,256.4,0.0,1.0122,1.025,31,to,250.23,-5.53,250.29,356.91,1.0122,99.97,35.07
B_VVAR_same_size,30,256.4,256.4,0.0,1.0122,1.025,31,to,250.23,-5.53,250.29,356.91,1.0122,99.97,35.07
C_VVAR_at_VVAR_limit,30,256.4,256.4,0.0,1.0122,1.025,31,to,250.23,-5.53,250.29,356.91,1.0122,99.97,35.07
A_NC_at_NC_limit,31,346.6,346.6,0.0,1.0263,1.0263,3,to,250.0,-44.06,253.85,357.02,1.0263,100.01,29.07
B_VVAR_same_size,31,346.6,346.6,-11.47,1.0245,1.025,3,to,250.0,-55.52,256.09,360.79,1.0245,101.06,30.88
C_VVAR_at_VVAR_limit,31,343.9,343.9,-10.88,1.0243,1.025,3,to,247.3,-54.94,253.33,356.97,1.0243,99.99,30.87
A_NC_at_NC_limit,32,283.1,283.1,0.0,1.0101,1.025,23,to,248.45,-25.72,249.78,356.93,1.0101,99.98,32.58
B_VVAR_same_size,32,283.1,283.1,0.0,1.0101,1.025,23,to,248.45,-25.72,249.78,356.93,1.0101,99.98,32.58
C_VVAR_at_VVAR_limit,32,283.1,283.1,0.0,1.0101,1.025,23,to,248.45,-25.72,249.78,356.93,1.0101,99.98,32.58
A_NC_at_NC_limit,33,275.8,275.8,0.0,1.0348,1.0348,8,from,255.8,-7.91,255.92,356.98,1.0348,100.0,33.87
B_VVAR_same_size,33,275.8,275.8,-21.06,1.0304,1.0304,8,from,255.8,-28.96,257.43,360.6,1.0304,101.01,36.84
C_VVAR_at_VVAR_limit,33,273.2,273.2,-20.26,1.0301,1.0301,8,from,253.2,-28.16,254.76,356.96,1.0301,99.99,36.91
A_NC_at_NC_limit,34,288.9,288.9,0.0,1.0102,1.025,11,to,248.25,-28.09,249.83,356.96,1.0102,99.99,32.12
B_VVAR_same_size,34,288.9,288.9,0.0,1.0102,1.025,11,to,248.25,-28.09,249.83,356.96,1.0102,99.99,32.12
C_VVAR_at_VVAR_limit,34,288.9,288.9,0.0,1.0102,1.025,11,to,248.25,-28.09,249.83,356.96,1.0102,99.99,32.12
A_NC_at_NC_limit,35,264.3,264.3,0.0,1.0325,1.0325,40,to,255.3,-3.56,255.32,356.95,1.0325,99.98,35.21
B_VVAR_same_size,35,264.3,264.3,-18.29,1.0294,1.0294,40,to,255.3,-21.84,256.23,359.26,1.0294,100.63,37.67
C_VVAR_at_VVAR_limit,35,262.6,262.6,-17.89,1.0293,1.0293,40,to,253.6,-21.45,254.51,356.89,1.0293,99.97,37.75
A_NC_at_NC_limit,36,272.3,272.3,0.0,1.0166,1.025,7,from,251.29,-8.31,251.42,356.96,1.0166,99.99,33.79
B_VVAR_same_size,36,272.3,272.3,0.0,1.0166,1.025,7,from,251.29,-8.31,251.42,356.96,1.0166,99.99,33.79
C_VVAR_at_VVAR_limit,36,272.3,272.3,0.0,1.0166,1.025,7,from,251.29,-8.31,251.42,356.96,1.0166,99.99,33.79
A_NC_at_NC_limit,37,365.4,365.4,0.0,1.0186,1.025,4,to,246.24,-53.1,251.9,356.94,1.0186,99.98,28.27
B_VVAR_same_size,37,365.4,365.4,0.0,1.0186,1.025,4,to,246.24,-53.1,251.9,356.94,1.0186,99.98,28.27
C_VVAR_at_VVAR_limit,37,365.4,365.4,0.0,1.0186,1.025,4,to,246.24,-53.1,251.9,356.94,1.0186,99.98,28.27
A_NC_at_NC_limit,38,371.8,371.8,0.0,1.0131,1.025,55,from,244.1,-56.6,250.58,357.01,1.0131,100.0,28.01
B_VVAR_same_size,38,371.8,371.8,0.0,1.0131,1.025,55,from,244.1,-56.6,250.58,357.01,1.0131,100.0,28.01
C_VVAR_at_VVAR_limit,38,371.8,371.8,0.0,1.0131,1.025,55,from,244.1,-56.6,250.58,357.01,1.0131,100.0,28.01
A_NC_at_NC_limit,39,291.6,291.6,0.0,1.0316,1.0316,9,from,254.11,-20.67,254.95,356.95,1.0309,99.99,32.46
B_VVAR_same_size,39,291.6,291.6,-17.6,1.0282,1.0282,9,from,254.1,-38.28,256.97,360.95,1.0276,101.11,35.01
C_VVAR_at_VVAR_limit,39,288.8,288.8,-16.82,1.0279,1.0279,9,from,251.31,-37.49,254.09,357.0,1.0273,100.0,35.08
A_NC_at_NC_limit,40,252.5,252.5,0.0,1.0164,1.025,28,to,251.33,-3.56,251.36,356.96,1.0164,99.99,35.64
B_VVAR_same_size,40,252.5,252.5,0.0,1.0164,1.025,28,to,251.33,-3.56,251.36,356.96,1.0164,99.99,35.64
C_VVAR_at_VVAR_limit,40,252.5,252.5,0.0,1.0164,1.025,28,to,251.33,-3.56,251.36,356.96,1.0164,99.99,35.64
A_NC_at_NC_limit,41,265.3,265.3,0.0,1.0282,1.0282,37,to,254.3,-4.35,254.34,357.04,1.0282,100.01,34.58
B_VVAR_same_size,41,265.3,265.3,-11.7,1.026,1.026,37,to,254.3,-16.05,254.81,358.45,1.026,100.41,36.17
C_VVAR_at_VVAR_limit,41,264.2,264.2,-11.43,1.0259,1.0259,37,to,253.2,-15.78,253.69,356.92,1.0259,99.98,36.22
A_NC_at_NC_limit,43,268.7,268.7,0.0,1.0261,1.0261,41,from,253.7,-5.93,253.77,356.97,1.0261,99.99,34.53
B_VVAR_same_size,43,268.7,268.7,-9.33,1.0247,1.025,41,from,253.7,-15.26,254.16,357.99,1.0247,100.28,35.79
C_VVAR_at_VVAR_limit,43,267.9,267.9,-9.19,1.0247,1.025,41,from,252.9,-15.12,253.35,356.88,1.0247,99.97,35.83
A_NC_at_NC_limit,44,303.8,303.8,0.0,1.0255,1.0255,35,to,252.76,-20.17,253.57,356.91,1.0255,99.97,31.39
B_VVAR_same_size,44,303.8,303.8,-8.94,1.024,1.025,35,to,252.76,-29.12,254.43,358.63,1.024,100.46,32.7
C_VVAR_at_VVAR_limit,44,302.6,302.6,-8.69,1.0239,1.025,35,to,251.56,-28.86,253.21,356.94,1.0239,99.98,32.74
A_NC_at_NC_limit,45,259.4,259.4,0.0,1.0207,1.025,42,to,252.4,-2.77,252.42,356.95,1.0207,99.98,35.15
B_VVAR_same_size,45,259.4,259.4,-1.06,1.0205,1.025,42,to,252.4,-3.82,252.43,357.02,1.0205,100.0,35.29
C_VVAR_at_VVAR_limit,45,259.3,259.3,-1.04,1.0205,1.025,42,to,252.3,-3.81,252.33,356.88,1.0205,99.97,35.3
A_NC_at_NC_limit,46,290.2,290.2,0.0,1.0109,1.025,49,to,249.35,-17.81,249.99,356.93,1.0109,99.98,32.05
B_VVAR_same_size,46,290.2,290.2,0.0,1.0109,1.025,49,to,249.35,-17.81,249.99,356.93,1.0109,99.98,32.05
C_VVAR_at_VVAR_limit,46,290.2,290.2,0.0,1.0109,1.025,49,to,249.35,-17.81,249.99,356.93,1.0109,99.98,32.05
A_NC_at_NC_limit,47,285.1,285.1,0.0,1.0138,1.025,43,to,250.27,-15.43,250.75,356.98,1.0138,99.99,32.58
B_VVAR_same_size,47,285.1,285.1,0.0,1.0138,1.025,43,to,250.27,-15.43,250.75,356.98,1.0138,99.99,32.58
C_VVAR_at_VVAR_limit,47,285.1,285.1,0.0,1.0138,1.025,43,to,250.27,-15.43,250.75,356.98,1.0138,99.99,32.58
A_NC_at_NC_limit,48,280.2,280.2,0.0,1.0176,1.025,46,to,251.39,-13.05,251.73,357.04,1.0176,100.01,33.15
B_VVAR_same_size,48,280.2,280.2,0.0,1.0176,1.025,46,to,251.39,-13.05,251.73,357.04,1.0176,100.01,33.15
C_VVAR_at_VVAR_limit,48,280.2,280.2,0.0,1.0176,1.025,46,to,251.39,-13.05,251.73,357.04,1.0176,100.01,33.15
A_NC_at_NC_limit,49,273.9,273.9,0.0,1.0202,1.025,44,to,252.1,-10.28,252.3,356.97,1.0202,99.99,33.79
B_VVAR_same_size,49,273.9,273.9,-0.27,1.0201,1.025,44,to,252.1,-10.55,252.32,356.99,1.0201,100.0,33.83
C_VVAR_at_VVAR_limit,49,273.9,273.9,-0.27,1.0201,1.025,44,to,252.1,-10.55,252.32,356.99,1.0201,100.0,33.83
A_NC_at_NC_limit,50,266.7,266.7,0.0,1.0232,1.025,45,to,252.9,-7.12,253.0,356.91,1.0232,99.97,34.56
B_VVAR_same_size,50,266.7,266.7,-4.84,1.0225,1.025,45,to,252.9,-11.96,253.18,357.4,1.0225,100.11,35.21
C_VVAR_at_VVAR_limit,50,266.4,266.4,-4.8,1.0225,1.025,45,to,252.6,-11.91,252.88,356.99,1.0225,100.0,35.23
A_NC_at_NC_limit,51,262.5,262.5,0.0,1.025,1.025,47,to,253.5,-3.56,253.52,357.0,1.025,100.0,35.03
B_VVAR_same_size,51,262.5,262.5,-7.54,1.0239,1.025,47,to,253.5,-11.09,253.74,357.69,1.0239,100.19,36.02
C_VVAR_at_VVAR_limit,51,262.0,262.0,-7.45,1.0239,1.025,47,to,253.0,-11.01,253.24,357.0,1.0239,100.0,36.05
A_NC_at_NC_limit,52,257.3,257.3,0.0,1.0282,1.0282,48,to,254.3,-1.19,254.3,356.98,1.0282,99.99,35.65
B_VVAR_same_size,52,257.3,257.3,-11.99,1.0264,1.0264,48,to,254.3,-13.18,254.64,358.1,1.0264,100.31,37.23
C_VVAR_at_VVAR_limit,52,256.5,256.5,-11.83,1.0263,1.0263,48,to,253.5,-13.02,253.83,356.99,1.0263,100.0,37.27
A_NC_at_NC_limit,53,267.9,267.9,0.0,1.015,1.025,50,to,250.9,-6.72,250.99,356.94,1.015,99.98,34.12
B_VVAR_same_size,53,267.9,267.9,0.0,1.015,1.025,50,to,250.9,-6.72,250.99,356.94,1.015,99.98,34.12
C_VVAR_at_VVAR_limit,53,267.9,267.9,0.0,1.015,1.025,50,to,250.9,-6.72,250.99,356.94,1.015,99.98,34.12
A_NC_at_NC_limit,54,265.5,265.5,0.0,1.0091,1.025,51,from,249.5,-6.32,249.58,356.99,1.0091,100.0,34.08
B_VVAR_same_size,54,265.5,265.5,0.0,1.0091,1.025,51,from,249.5,-6.32,249.58,356.99,1.0091,100.0,34.08
C_VVAR_at_VVAR_limit,54,265.5,265.5,0.0,1.0091,1.025,51,from,249.5,-6.32,249.58,356.99,1.0091,100.0,34.08
A_NC_at_NC_limit,55,262.2,262.2,0.0,1.012,1.025,52,to,250.2,-4.74,250.24,356.91,1.012,99.98,34.52
B_VVAR_same_size,55,262.2,262.2,0.0,1.012,1.025,52,to,250.2,-4.74,250.24,356.91,1.012,99.98,34.52
C_VVAR_at_VVAR_limit,55,262.2,262.2,0.0,1.012,1.025,52,to,250.2,-4.74,250.24,356.91,1.012,99.98,34.52
A_NC_at_NC_limit,56,258.9,258.9,0.0,1.0147,1.025,53,to,250.9,-3.16,250.92,356.92,1.0147,99.98,34.95
B_VVAR_same_size,56,258.9,258.9,0.0,1.0147,1.025,53,to,250.9,-3.16,250.92,356.92,1.0147,99.98,34.95
C_VVAR_at_VVAR_limit,56,258.9,258.9,0.0,1.0147,1.025,53,to,250.9,-3.16,250.92,356.92,1.0147,99.98,34.95
A_NC_at_NC_limit,57,255.4,255.4,0.0,1.0164,1.025,54,to,251.4,-1.58,251.4,357.01,1.0164,100.0,35.35
B_VVAR_same_size,57,255.4,255.4,0.0,1.0164,1.025,54,to,251.4,-1.58,251.4,357.01,1.0164,100.0,35.35
C_VVAR_at_VVAR_limit,57,255.4,255.4,0.0,1.0164,1.025,54,to,251.4,-1.58,251.4,357.01,1.0164,100.0,35.35
