code,bus,z_ohm,hc_v,hc_t,hc_nc,hc_vvar,hc_v_vvar,hc_t_vvar,delta_kW,delta_pct,first_limit,effect,thermal_element,v_pv_nc,ratio_t_v,gain_pct,penalty_pct,vvar_is_min,nc_is_min,capped
1-LV-rural1--0-sw,0,0.1325,115.2,82.5,82.5,79.5,159.9,79.5,-3,-3.64,thermal,lower,trafo,1.0423,0.716,38.8,3.64,TRUE,TRUE,FALSE
1-LV-rural1--0-sw,1,0.0162,242.9,82,82,80.3,391.9,80.2,-1.7,-2.07,thermal,lower,trafo,1.0334,0.338,61.34,2.2,TRUE,TRUE,FALSE
1-LV-rural1--0-sw,2,0.1018,121.3,82.7,82.7,79.7,177.2,79.6,-3,-3.63,thermal,lower,trafo,1.0424,0.682,46.08,3.75,TRUE,TRUE,FALSE
1-LV-rural1--0-sw,4,0.2453,80.1,83.1,80.1,78.9,101.1,78.9,-1.2,-1.5,voltage,lower,trafo,1.05,1.037,26.22,5.05,TRUE,TRUE,FALSE
1-LV-rural1--0-sw,5,0.2428,80.6,83,80.6,78.9,101.9,79,-1.7,-2.11,voltage,lower,trafo,1.05,1.03,26.43,4.82,TRUE,TRUE,FALSE
1-LV-rural1--0-sw,6,0.0498,183.2,82.3,82.3,80.1,329,80.1,-2.2,-2.67,thermal,lower,trafo,1.0364,0.449,79.59,2.67,TRUE,TRUE,FALSE
1-LV-rural1--0-sw,7,0.0051,286.7,82,82,80.3,402.7,80.3,-1.7,-2.07,thermal,lower,trafo,1.0325,0.286,40.46,2.07,TRUE,TRUE,FALSE
1-LV-rural1--0-sw,8,0.0341,196.7,82.2,82.2,80.1,375.6,80.1,-2.1,-2.55,thermal,lower,trafo,1.0355,0.418,90.95,2.55,TRUE,TRUE,FALSE
1-LV-rural1--0-sw,9,0.046,179.6,82.4,82.4,80.1,329.9,80,-2.3,-2.79,thermal,lower,trafo,1.0373,0.459,83.69,2.91,TRUE,TRUE,FALSE
1-LV-rural1--0-sw,10,0.0212,229.8,82.3,82.3,80.2,386.5,80.2,-2.1,-2.55,thermal,lower,trafo,1.0353,0.358,68.19,2.55,TRUE,TRUE,FALSE
1-LV-rural1--0-sw,11,0.052,180.4,82.3,82.3,80.1,319.7,80.1,-2.2,-2.67,thermal,lower,trafo,1.0365,0.456,77.22,2.67,TRUE,TRUE,FALSE
1-LV-rural1--0-sw,12,0.0801,133.1,82.7,82.7,79.8,205.8,79.8,-2.9,-3.51,thermal,lower,trafo,1.0414,0.621,54.62,3.51,TRUE,TRUE,FALSE
1-LV-rural1--0-sw,13,0.1055,130.5,82.5,82.5,79.8,189.7,79.7,-2.7,-3.27,thermal,lower,trafo,1.0403,0.632,45.36,3.39,TRUE,TRUE,FALSE
1-LV-rural2--0-sw,3,0.1491,251.3,212.6,212.6,207.5,303.9,207.4,-5.1,-2.4,thermal,lower,line,1.0419,0.846,20.93,2.45,TRUE,TRUE,FALSE
1-LV-rural2--0-sw,13,0.2623,161,204,161,194.1,210.3,194.1,33.1,20.56,voltage,higher,line,1.0494,1.267,30.62,4.85,TRUE,TRUE,FALSE
1-LV-rural2--0-sw,15,0.1554,214.5,188.2,188.2,185.3,299.6,185.3,-2.9,-1.54,thermal,lower,line,1.0442,0.877,39.67,1.54,TRUE,TRUE,FALSE
1-LV-rural2--0-sw,30,0.3089,139.3,198.7,139.3,176.8,176.8,187.4,37.5,26.92,voltage,higher,line,1.049,1.426,26.92,5.69,TRUE,TRUE,FALSE
1-LV-rural2--0-sw,31,0.2448,116.6,161,116.6,153.4,153.4,154.2,36.8,31.56,voltage,higher,line,1.05,1.381,31.56,4.22,TRUE,TRUE,FALSE
1-LV-rural2--0-sw,32,0.1334,242.3,187.4,187.4,185.2,312.2,185.3,-2.2,-1.17,thermal,lower,line,1.0393,0.773,28.85,1.12,TRUE,TRUE,FALSE
1-LV-rural2--0-sw,37,0.0986,283.5,183.8,183.8,181.9,333.6,181.9,-1.9,-1.03,thermal,lower,line,1.0347,0.648,17.67,1.03,TRUE,TRUE,FALSE
1-LV-rural2--0-sw,44,0.0894,262.5,155.6,155.6,154.5,338.9,154.5,-1.1,-0.71,thermal,lower,line,1.0314,0.593,29.1,0.71,TRUE,TRUE,FALSE
1-LV-rural2--0-sw,45,0.1158,252.5,184.3,184.3,181.9,322.2,181.9,-2.4,-1.3,thermal,lower,line,1.0382,0.73,27.6,1.3,TRUE,TRUE,FALSE
1-LV-rural2--0-sw,52,0.0286,729.1,257.6,257.6,257,401,257,-0.6,-0.23,thermal,lower,line,1.0216,0.353,-45,0.23,TRUE,TRUE,FALSE
1-LV-rural2--0-sw,57,0.0632,392.8,186.3,186.3,185.5,361.3,185.5,-0.8,-0.43,thermal,lower,line,1.027,0.474,-8.02,0.43,TRUE,TRUE,FALSE
1-LV-rural2--0-sw,59,0.4223,107.7,195.9,107.7,132.6,132.6,179.3,24.9,23.12,voltage,higher,line,1.05,1.819,23.12,8.47,TRUE,TRUE,FALSE
1-LV-rural2--0-sw,63,0.4878,93.1,194.3,93.1,113,113,175.9,19.9,21.37,voltage,higher,line,1.05,2.087,21.37,9.47,TRUE,TRUE,FALSE
1-LV-rural2--0-sw,65,0.5647,81.7,197.1,81.7,97.8,97.9,174.3,16.1,19.71,voltage,higher,line,1.05,2.412,19.83,11.57,TRUE,TRUE,FALSE
1-LV-rural2--0-sw,71,0.1945,205.8,209.5,205.8,202.1,279.9,202.1,-3.7,-1.8,voltage,lower,line,1.05,1.018,36.01,3.53,TRUE,TRUE,FALSE
1-LV-rural2--0-sw,73,0.0065,1999.9,263.3,263.3,263.3,1999.9,263.3,0,0,thermal,equal,line,1.0172,0.132,0,0,TRUE,TRUE,TRUE
1-LV-rural2--0-sw,84,0.2211,166.6,209.4,166.6,199.6,225.1,199.7,33,19.81,voltage,higher,line,1.05,1.257,35.11,4.63,TRUE,TRUE,FALSE
1-LV-rural2--0-sw,87,0.0811,281.9,156.3,156.3,155.3,345.2,155.3,-1,-0.64,thermal,lower,line,1.0296,0.554,22.45,0.64,TRUE,TRUE,FALSE
1-LV-rural2--0-sw,91,0.1817,178,186.7,178,181.5,250.9,181.5,3.5,1.97,voltage,higher,line,1.05,1.049,40.96,2.79,TRUE,TRUE,FALSE
1-LV-rural2--0-sw,94,0.1671,160.8,158.2,158.2,154.7,223.5,154.6,-3.5,-2.21,thermal,lower,line,1.0474,0.984,38.99,2.28,TRUE,TRUE,FALSE
1-LV-rural3--0-sw,14,0.0536,587.2,239.2,239.2,239.1,541.1,239.1,-0.1,-0.04,thermal,equal,line,1.0204,0.407,-7.85,0.04,TRUE,TRUE,FALSE
1-LV-rural3--0-sw,15,0.0982,368.7,221.6,221.6,219.6,468.4,219.6,-2,-0.9,thermal,lower,line,1.0296,0.601,27.04,0.9,TRUE,TRUE,FALSE
1-LV-rural3--0-sw,16,0.2191,198.7,218,198.7,210,249.9,209.9,11.3,5.69,voltage,higher,line,1.05,1.097,25.77,3.72,TRUE,TRUE,FALSE
1-LV-rural3--0-sw,17,0.2876,162.1,207.3,162.1,197.8,197.7,198.6,35.7,22.02,voltage,higher,line,1.05,1.279,21.96,4.2,TRUE,TRUE,FALSE
1-LV-rural3--0-sw,18,0.1949,224.2,218.1,218.1,210.7,287.1,210.6,-7.4,-3.39,thermal,lower,line,1.0485,0.973,28.06,3.44,TRUE,TRUE,FALSE
1-LV-rural3--0-sw,25,0.0665,484.4,208.4,208.4,207.9,515.9,207.9,-0.5,-0.24,thermal,lower,line,1.022,0.43,6.5,0.24,TRUE,TRUE,FALSE
1-LV-rural3--0-sw,28,0.0118,1888.4,185,185,185,651.8,185,0,0,thermal,equal,line,1.0098,0.098,-65.48,0,TRUE,TRUE,FALSE
1-LV-rural3--0-sw,32,0.1277,302.1,218.8,218.8,215.5,418.8,215.4,-3.3,-1.51,thermal,lower,line,1.0356,0.724,38.63,1.55,TRUE,TRUE,FALSE
1-LV-rural3--0-sw,37,0.109,351,231.7,231.7,229,454.8,229,-2.7,-1.17,thermal,lower,line,1.032,0.66,29.57,1.17,TRUE,TRUE,FALSE
1-LV-rural3--0-sw,38,0.0829,422.2,196.2,196.2,196.1,490.8,196,-0.1,-0.05,thermal,equal,line,1.0225,0.465,16.25,0.1,TRUE,TRUE,FALSE
1-LV-rural3--0-sw,45,0.2381,189.1,199.1,189.1,193.8,235.1,193.8,4.7,2.49,voltage,higher,line,1.0499,1.053,24.33,2.66,TRUE,TRUE,FALSE
1-LV-rural3--0-sw,47,0.2715,167.7,193.2,167.7,187.3,205.8,187.3,19.6,11.69,voltage,higher,line,1.05,1.152,22.72,3.05,TRUE,TRUE,FALSE
1-LV-rural3--0-sw,50,0.1472,257.9,195.9,195.9,192.4,346.2,192.5,-3.5,-1.79,thermal,lower,line,1.0378,0.76,34.24,1.74,TRUE,TRUE,FALSE
1-LV-rural3--0-sw,51,0.0387,673.3,163.3,163.3,163.3,568.1,163.3,0,0,thermal,equal,line,1.0155,0.243,-15.62,0,TRUE,TRUE,FALSE
1-LV-rural3--0-sw,60,0.1845,231.1,198.9,198.9,196.2,298.1,196.2,-2.7,-1.36,thermal,lower,line,1.0423,0.861,28.99,1.36,TRUE,TRUE,FALSE
1-LV-rural3--0-sw,66,0.3975,117.1,191.5,117.1,138,138,178.1,20.9,17.85,voltage,higher,line,1.0485,1.635,17.85,7,TRUE,TRUE,FALSE
1-LV-rural3--0-sw,82,0.4793,98.4,184.1,98.4,115.7,115.7,168.7,17.3,17.58,voltage,higher,line,1.0499,1.871,17.58,8.37,TRUE,TRUE,FALSE
1-LV-rural3--0-sw,99,0.3233,147.8,209.8,147.8,178.5,178.5,198.7,30.7,20.77,voltage,higher,line,1.05,1.419,20.77,5.29,TRUE,TRUE,FALSE
1-LV-rural3--0-sw,110,0.1219,323,229.2,229.2,226,438.8,226,-3.2,-1.4,thermal,lower,line,1.0344,0.71,35.85,1.4,TRUE,TRUE,FALSE
1-LV-rural3--0-sw,117,0.4346,107.9,182.3,107.9,127,127,169.6,19.1,17.7,voltage,higher,line,1.0493,1.69,17.7,6.97,TRUE,TRUE,FALSE
1-LV-semiurb4--0-sw,8,0.0672,439.1,202.7,202.7,202.3,515.4,202.2,-0.4,-0.2,thermal,lower,line,1.0252,0.462,17.38,0.25,TRUE,TRUE,FALSE
1-LV-semiurb4--0-sw,12,0.1193,314.6,201.8,201.8,200.7,440,200.7,-1.1,-0.55,thermal,lower,line,1.0312,0.641,39.86,0.55,TRUE,TRUE,FALSE
1-LV-semiurb4--0-sw,13,0.0054,1999.9,206,206,206,676.2,206,0,0,thermal,equal,line,1.0111,0.103,-66.19,0,TRUE,TRUE,TRUE
1-LV-semiurb4--0-sw,18,0.0774,393.9,200.1,200.1,199.5,498.8,199.5,-0.6,-0.3,thermal,lower,line,1.0273,0.508,26.63,0.3,TRUE,TRUE,FALSE
1-LV-semiurb4--0-sw,21,0.1692,254.5,204.2,204.2,201.8,331.7,201.8,-2.4,-1.18,thermal,lower,line,1.0387,0.802,30.33,1.18,TRUE,TRUE,FALSE
1-LV-semiurb4--0-sw,22,0.0949,395.3,240.8,240.8,238.7,475.6,238.7,-2.1,-0.87,thermal,lower,line,1.0288,0.609,20.31,0.87,TRUE,TRUE,FALSE
1-LV-semiurb4--0-sw,23,0.1166,320.4,210.9,210.9,209.3,446.1,209.3,-1.6,-0.76,thermal,lower,line,1.0321,0.658,39.23,0.76,TRUE,TRUE,FALSE
1-LV-semiurb4--0-sw,25,0.229,196.1,202.7,196.1,197.8,244.7,197.9,1.7,0.87,voltage,higher,line,1.05,1.034,24.78,2.37,TRUE,TRUE,FALSE
1-LV-semiurb4--0-sw,26,0.1459,286.4,208.9,208.9,206.7,383.9,206.6,-2.2,-1.05,thermal,lower,line,1.0347,0.729,34.04,1.1,TRUE,TRUE,FALSE
1-LV-semiurb4--0-sw,27,0.1778,243.9,201.5,201.5,199,315.4,199,-2.5,-1.24,thermal,lower,line,1.0401,0.826,29.32,1.24,TRUE,TRUE,FALSE
1-LV-semiurb4--0-sw,28,0.0016,1999.9,211.8,211.8,211.8,702.7,211.8,0,0,thermal,equal,line,1.0104,0.106,-64.86,0,TRUE,TRUE,TRUE
1-LV-semiurb4--0-sw,30,0.1372,300.9,212.5,212.5,210.4,408.4,210.5,-2.1,-0.99,thermal,lower,line,1.0334,0.706,35.73,0.94,TRUE,TRUE,FALSE
1-LV-semiurb4--0-sw,31,0.026,915,282.1,282.1,282.1,605.2,282.1,0,0,thermal,equal,line,1.0175,0.308,-33.86,0,TRUE,TRUE,FALSE
1-LV-semiurb4--0-sw,32,0.1651,258.7,205.6,205.6,202.9,338.6,202.9,-2.7,-1.31,thermal,lower,line,1.0384,0.795,30.89,1.31,TRUE,TRUE,FALSE
1-LV-semiurb4--0-sw,33,0.0587,485.4,205.4,205.4,205.1,530.1,205,-0.3,-0.15,thermal,lower,line,1.0236,0.423,9.21,0.19,TRUE,TRUE,FALSE
1-LV-semiurb4--0-sw,34,0.06,559,295.8,295.8,293.6,532.4,293.5,-2.2,-0.74,thermal,lower,line,1.0252,0.529,-4.76,0.78,TRUE,TRUE,FALSE
1-LV-semiurb4--0-sw,35,0.088,439.6,280.8,280.8,277.1,486.9,277.1,-3.7,-1.32,thermal,lower,line,1.0296,0.639,10.76,1.32,TRUE,TRUE,FALSE
1-LV-semiurb4--0-sw,38,0.186,262.7,223.3,223.3,219.4,338.1,219.4,-3.9,-1.75,thermal,lower,line,1.0404,0.85,28.7,1.75,TRUE,TRUE,FALSE
1-LV-semiurb4--0-sw,39,0.208,239.3,206.7,206.7,203.7,303,203.6,-3,-1.45,thermal,lower,line,1.0412,0.864,26.62,1.5,TRUE,TRUE,FALSE
1-LV-semiurb4--0-sw,41,0.193,256.2,216.3,216.3,213,328,213,-3.3,-1.53,thermal,lower,line,1.04,0.844,28.02,1.53,TRUE,TRUE,FALSE
1-LV-semiurb5--0-sw,0,0.1569,448.1,314.1,314.1,309.4,534,309.4,-4.7,-1.5,thermal,lower,line,1.0332,0.701,19.17,1.5,TRUE,TRUE,FALSE
1-LV-semiurb5--0-sw,4,0.2398,299.9,266.1,266.1,262,407.3,262,-4.1,-1.54,thermal,lower,line,1.0439,0.887,35.81,1.54,TRUE,TRUE,FALSE
1-LV-semiurb5--0-sw,5,0.3187,230.2,249.9,230.2,240.8,302.3,240.8,10.6,4.6,voltage,higher,line,1.05,1.086,31.32,3.64,TRUE,TRUE,FALSE
1-LV-semiurb5--0-sw,6,0.1642,416.9,266.8,266.8,265.4,522,265.4,-1.4,-0.52,thermal,lower,line,1.0303,0.64,25.21,0.52,TRUE,TRUE,FALSE
1-LV-semiurb5--0-sw,13,0.032,1336.5,321.2,321.2,321.2,865.4,321.2,0,0,thermal,equal,line,1.0156,0.24,-35.25,0,TRUE,TRUE,FALSE
1-LV-semiurb5--0-sw,25,0.2778,211.1,242.9,211.1,234.7,278.6,234.7,23.6,11.18,voltage,higher,line,1.0499,1.151,31.98,3.38,TRUE,TRUE,FALSE
1-LV-semiurb5--0-sw,27,0.0553,846.9,263.3,263.3,263.3,767,263.3,0,0,thermal,equal,line,1.0193,0.311,-9.43,0,TRUE,TRUE,FALSE
1-LV-semiurb5--0-sw,29,0.1953,379.2,291.6,291.6,287.5,479.1,287.5,-4.1,-1.41,thermal,lower,line,1.0367,0.769,26.34,1.41,TRUE,TRUE,FALSE
1-LV-semiurb5--0-sw,41,0.0765,653.1,258.4,258.4,257.8,700.2,257.8,-0.6,-0.23,thermal,lower,line,1.0228,0.396,7.21,0.23,TRUE,TRUE,FALSE
1-LV-semiurb5--0-sw,49,0.2647,294.4,263.9,263.9,259.4,395.2,259.4,-4.5,-1.71,thermal,lower,line,1.0439,0.896,34.24,1.71,TRUE,TRUE,FALSE
1-LV-semiurb5--0-sw,51,0.3889,190.4,236.1,190.4,226.1,245.5,226.1,35.7,18.75,voltage,higher,line,1.05,1.24,28.94,4.24,TRUE,TRUE,FALSE
1-LV-semiurb5--0-sw,55,0.2219,342.2,286.7,286.7,281.7,447.3,281.7,-5,-1.74,thermal,lower,line,1.0406,0.838,30.71,1.74,TRUE,TRUE,FALSE
1-LV-semiurb5--0-sw,56,0.1913,361.4,258.7,258.7,254.9,481.7,254.9,-3.8,-1.47,thermal,lower,line,1.0346,0.716,33.29,1.47,TRUE,TRUE,FALSE
1-LV-semiurb5--0-sw,61,0.1373,493,324.1,324.1,319.8,567.2,319.8,-4.3,-1.33,thermal,lower,line,1.0312,0.657,15.05,1.33,TRUE,TRUE,FALSE
1-LV-semiurb5--0-sw,65,0.3615,202.9,235.3,202.9,226.4,263.4,226.5,23.5,11.58,voltage,higher,line,1.05,1.16,29.82,3.74,TRUE,TRUE,FALSE
1-LV-semiurb5--0-sw,74,0.0131,1999.9,324.3,324.3,324.3,975,324.2,0,0,thermal,equal,line,1.0128,0.162,-51.25,0.03,TRUE,TRUE,TRUE
1-LV-semiurb5--0-sw,82,0.1118,549,301.6,301.6,299,615.4,298.9,-2.6,-0.86,thermal,lower,line,1.0269,0.549,12.09,0.9,TRUE,TRUE,FALSE
1-LV-semiurb5--0-sw,88,0.2546,304.4,263.4,263.4,259.5,410.6,259.4,-3.9,-1.48,thermal,lower,line,1.0421,0.865,34.89,1.52,TRUE,TRUE,FALSE
1-LV-semiurb5--0-sw,101,0.0944,547.8,250.2,250.2,249.3,652.7,249.4,-0.9,-0.36,thermal,lower,line,1.0254,0.457,19.15,0.32,TRUE,TRUE,FALSE
1-LV-semiurb5--0-sw,103,0.215,330,273.3,273.3,269.5,453.4,269.4,-3.8,-1.39,thermal,lower,line,1.0406,0.828,37.39,1.43,TRUE,TRUE,FALSE
1-LV-urban6--0-sw,4,0.0187,1999.9,259.8,259.8,259.8,943.5,259.8,0,0,thermal,equal,line,1.0097,0.13,-52.82,0,TRUE,TRUE,TRUE
1-LV-urban6--0-sw,5,0.1764,445.7,299.8,299.8,297.3,506.9,297.3,-2.5,-0.83,thermal,lower,line,1.0296,0.673,13.73,0.83,TRUE,TRUE,FALSE
1-LV-urban6--0-sw,8,0.1909,418.8,291.4,291.4,288.8,487,288.8,-2.6,-0.89,thermal,lower,line,1.0309,0.696,16.28,0.89,TRUE,TRUE,FALSE
1-LV-urban6--0-sw,12,0.0569,888.4,263.6,263.6,263.6,765.4,263.6,0,0,thermal,equal,line,1.0161,0.297,-13.85,0,TRUE,TRUE,FALSE
1-LV-urban6--0-sw,15,0.0891,713.9,337.3,337.3,337,674.3,337.1,-0.3,-0.09,thermal,lower,line,1.0208,0.472,-5.55,0.06,TRUE,TRUE,FALSE
1-LV-urban6--0-sw,17,0.2589,302.7,267.9,267.9,263.8,407.3,263.8,-4.1,-1.53,thermal,lower,line,1.0432,0.885,34.56,1.53,TRUE,TRUE,FALSE
1-LV-urban6--0-sw,21,0.1207,572.6,313.2,313.2,312.2,601.6,312.1,-1,-0.32,thermal,lower,line,1.0239,0.547,5.06,0.35,TRUE,TRUE,FALSE
1-LV-urban6--0-sw,22,0.2091,389.2,286.3,286.3,283.6,464.1,283.6,-2.7,-0.94,thermal,lower,line,1.0333,0.736,19.24,0.94,TRUE,TRUE,FALSE
1-LV-urban6--0-sw,26,0.097,658.3,263.4,263.4,263.4,653.6,263.4,0,0,thermal,equal,line,1.0167,0.4,-0.71,0,TRUE,TRUE,FALSE
1-LV-urban6--0-sw,28,0.1539,493.7,327.5,327.5,324.1,541.4,324.1,-3.4,-1.04,thermal,lower,line,1.0295,0.663,9.66,1.04,TRUE,TRUE,FALSE
1-LV-urban6--0-sw,29,0.1426,503.5,295.2,295.2,294,560,294,-1.2,-0.41,thermal,lower,line,1.0258,0.586,11.22,0.41,TRUE,TRUE,FALSE
1-LV-urban6--0-sw,32,0.0191,1999.9,283.1,283.1,283.1,942,283.1,0,0,thermal,equal,line,1.0101,0.142,-52.9,0,TRUE,TRUE,TRUE
1-LV-urban6--0-sw,38,0.0296,1525.8,371.8,371.8,371.8,887.2,371.7,0,0,thermal,equal,line,1.0131,0.244,-41.85,0.03,TRUE,TRUE,FALSE
1-LV-urban6--0-sw,47,0.039,1180.1,285.1,285.1,285.1,836,285.1,0,0,thermal,equal,line,1.0138,0.242,-29.16,0,TRUE,TRUE,FALSE
1-LV-urban6--0-sw,48,0.061,844.8,280.2,280.2,280.2,751.8,280.1,0,0,thermal,equal,line,1.0176,0.332,-11.01,0.04,TRUE,TRUE,FALSE
1-LV-urban6--0-sw,49,0.077,704.9,273.9,273.9,273.9,702.1,273.9,0,0,thermal,equal,line,1.0202,0.389,-0.4,0,TRUE,TRUE,FALSE
1-LV-urban6--0-sw,51,0.108,535.2,262.5,262.5,262,623.9,262,-0.5,-0.19,thermal,lower,line,1.025,0.49,16.57,0.19,TRUE,TRUE,FALSE
1-LV-urban6--0-sw,52,0.128,463,257.3,257.3,256.5,582.6,256.5,-0.8,-0.31,thermal,lower,line,1.0282,0.556,25.83,0.31,TRUE,TRUE,FALSE
1-LV-urban6--0-sw,54,0.014,1999.9,265.5,265.5,265.5,977.8,265.5,0,0,thermal,equal,line,1.0091,0.133,-51.11,0,TRUE,TRUE,TRUE
1-LV-urban6--0-sw,57,0.055,889,255.4,255.4,255.4,771.1,255.3,0,0,thermal,equal,line,1.0164,0.287,-13.26,0.04,TRUE,TRUE,FALSE
