scenario,bus,nameplate_kW,delivered_kW
NC_1.05,1,275.7,275.7
NC_1.05,2,332.9,332.9
NC_1.05,3,366.8,366.8
NC_1.05,4,259.8,259.8
NC_1.05,5,299.8,299.8
NC_1.05,6,322.8,322.8
NC_1.05,7,283.5,283.5
NC_1.05,8,291.4,291.4
NC_1.05,9,263.7,263.7
NC_1.05,10,348.6,348.6
NC_1.05,11,371.2,371.2
NC_1.05,12,263.6,263.6
NC_1.05,13,262.3,262.3
NC_1.05,14,269.5,269.5
NC_1.05,15,337.3,337.3
NC_1.05,17,267.9,267.9
NC_1.05,18,266.6,266.6
NC_1.05,19,308.7,308.7
NC_1.05,21,313.2,313.2
NC_1.05,22,286.3,286.3
NC_1.05,24,316.9,316.9
NC_1.05,25,369.1,369.1
NC_1.05,26,263.4,263.4
NC_1.05,27,267.7,267.7
NC_1.05,28,327.5,327.5
NC_1.05,29,295.2,295.2
NC_1.05,30,256.4,256.4
NC_1.05,31,346.6,346.6
NC_1.05,32,283.1,283.1
NC_1.05,33,275.8,275.8
NC_1.05,34,288.9,288.9
NC_1.05,35,264.3,264.3
NC_1.05,36,272.3,272.3
NC_1.05,37,365.4,365.4
NC_1.05,38,371.8,371.8
NC_1.05,39,291.6,291.6
NC_1.05,40,252.5,252.5
NC_1.05,41,265.3,265.3
NC_1.05,43,268.7,268.7
NC_1.05,44,303.8,303.8
NC_1.05,45,259.4,259.4
NC_1.05,46,290.2,290.2
NC_1.05,47,285.1,285.1
NC_1.05,48,280.2,280.2
NC_1.05,49,273.9,273.9
NC_1.05,50,266.7,266.7
NC_1.05,51,262.5,262.5
NC_1.05,52,257.3,257.3
NC_1.05,53,267.9,267.9
NC_1.05,54,265.5,265.5
NC_1.05,55,262.2,262.2
NC_1.05,56,258.9,258.9
NC_1.05,57,255.4,255.4
VVAR_1.05,1,274.0,274.0
VVAR_1.05,2,332.2,332.2
VVAR_1.05,3,366.8,366.8
VVAR_1.05,4,259.8,259.8
VVAR_1.05,5,297.3,297.3
VVAR_1.05,6,321.6,321.6
VVAR_1.05,7,282.5,282.5
VVAR_1.05,8,288.8,288.8
VVAR_1.05,9,263.7,263.7
VVAR_1.05,10,348.4,348.4
VVAR_1.05,11,371.2,371.2
VVAR_1.05,12,263.6,263.6
VVAR_1.05,13,262.3,262.3
VVAR_1.05,14,269.5,269.5
VVAR_1.05,15,337.0,337.0
VVAR_1.05,17,263.8,263.8
VVAR_1.05,18,264.6,264.6
VVAR_1.05,19,305.6,305.6
VVAR_1.05,21,312.2,312.2
VVAR_1.05,22,283.6,283.6
VVAR_1.05,24,314.1,314.1
VVAR_1.05,25,369.1,369.1
VVAR_1.05,26,263.4,263.4
VVAR_1.05,27,267.7,267.7
VVAR_1.05,28,324.1,324.1
VVAR_1.05,29,294.0,294.0
VVAR_1.05,30,256.4,256.4
VVAR_1.05,31,343.9,343.9
VVAR_1.05,32,283.1,283.1
VVAR_1.05,33,273.2,273.2
VVAR_1.05,34,288.9,288.9
VVAR_1.05,35,262.6,262.6
VVAR_1.05,36,272.3,272.3
VVAR_1.05,37,365.4,365.4
VVAR_1.05,38,371.8,371.8
VVAR_1.05,39,288.8,288.8
VVAR_1.05,40,252.5,252.5
VVAR_1.05,41,264.2,264.2
VVAR_1.05,43,267.9,267.9
VVAR_1.05,44,302.6,302.6
VVAR_1.05,45,259.3,259.3
VVAR_1.05,46,290.2,290.2
VVAR_1.05,47,285.1,285.1
VVAR_1.05,48,280.2,280.2
VVAR_1.05,49,273.9,273.9
VVAR_1.05,50,266.4,266.4
VVAR_1.05,51,262.0,262.0
VVAR_1.05,52,256.5,256.5
VVAR_1.05,53,267.9,267.9
VVAR_1.05,54,265.5,265.5
VVAR_1.05,55,262.2,262.2
VVAR_1.05,56,258.9,258.9
VVAR_1.05,57,255.4,255.4
VW_default_1.05,1,275.7,275.7
VW_default_1.05,2,332.9,332.9
VW_default_1.05,3,366.8,366.8
VW_default_1.05,4,259.8,259.8
VW_default_1.05,5,299.8,299.8
VW_default_1.05,6,322.8,322.8
VW_default_1.05,7,283.5,283.5
VW_default_1.05,8,291.4,291.4
VW_default_1.05,9,263.7,263.7
VW_default_1.05,10,348.6,348.6
VW_default_1.05,11,371.2,371.2
VW_default_1.05,12,263.6,263.6
VW_default_1.05,13,262.3,262.3
VW_default_1.05,14,269.5,269.5
VW_default_1.05,15,337.3,337.3
VW_default_1.05,17,267.9,267.9
VW_default_1.05,18,266.6,266.6
VW_default_1.05,19,308.7,308.7
VW_default_1.05,21,313.2,313.2
VW_default_1.05,22,286.3,286.3
VW_default_1.05,24,316.9,316.9
VW_default_1.05,25,369.1,369.1
VW_default_1.05,26,263.4,263.4
VW_default_1.05,27,267.7,267.7
VW_default_1.05,28,327.5,327.5
VW_default_1.05,29,295.2,295.2
VW_default_1.05,30,256.4,256.4
VW_default_1.05,31,346.6,346.6
VW_default_1.05,32,283.1,283.1
VW_default_1.05,33,275.8,275.8
VW_default_1.05,34,288.9,288.9
VW_default_1.05,35,264.3,264.3
VW_default_1.05,36,272.3,272.3
VW_default_1.05,37,365.4,365.4
VW_default_1.05,38,371.8,371.8
VW_default_1.05,39,291.6,291.6
VW_default_1.05,40,252.5,252.5
VW_default_1.05,41,265.3,265.3
VW_default_1.05,43,268.7,268.7
VW_default_1.05,44,303.8,303.8
VW_default_1.05,45,259.4,259.4
VW_default_1.05,46,290.2,290.2
VW_default_1.05,47,285.1,285.1
VW_default_1.05,48,280.2,280.2
VW_default_1.05,49,273.9,273.9
VW_default_1.05,50,266.7,266.7
VW_default_1.05,51,262.5,262.5
VW_default_1.05,52,257.3,257.3
VW_default_1.05,53,267.9,267.9
VW_default_1.05,54,265.5,265.5
VW_default_1.05,55,262.2,262.2
VW_default_1.05,56,258.9,258.9
VW_default_1.05,57,255.4,255.4
VW_adapted_1.05,1,279.2,275.7
VW_adapted_1.05,2,332.9,332.9
VW_adapted_1.05,3,366.8,366.8
VW_adapted_1.05,4,259.8,259.8
VW_adapted_1.05,5,299.8,299.8
VW_adapted_1.05,6,322.8,322.8
VW_adapted_1.05,7,283.5,283.5
VW_adapted_1.05,8,302.9,291.5
VW_adapted_1.05,9,263.7,263.7
VW_adapted_1.05,10,348.6,348.6
VW_adapted_1.05,11,371.2,371.2
VW_adapted_1.05,12,263.6,263.6
VW_adapted_1.05,13,262.3,262.3
VW_adapted_1.05,14,269.5,269.5
VW_adapted_1.05,15,337.3,337.3
VW_adapted_1.05,17,568.7,268.0
VW_adapted_1.05,18,313.5,266.6
VW_adapted_1.05,19,313.3,308.6
VW_adapted_1.05,21,313.2,313.2
VW_adapted_1.05,22,329.9,286.2
VW_adapted_1.05,24,316.9,316.9
VW_adapted_1.05,25,369.1,369.1
VW_adapted_1.05,26,263.4,263.4
VW_adapted_1.05,27,267.7,267.7
VW_adapted_1.05,28,327.5,327.5
VW_adapted_1.05,29,295.2,295.2
VW_adapted_1.05,30,256.4,256.4
VW_adapted_1.05,31,346.6,346.6
VW_adapted_1.05,32,283.1,283.1
VW_adapted_1.05,33,340.6,275.8
VW_adapted_1.05,34,288.9,288.9
VW_adapted_1.05,35,293.2,264.3
VW_adapted_1.05,36,272.3,272.3
VW_adapted_1.05,37,365.4,365.4
VW_adapted_1.05,38,371.8,371.8
VW_adapted_1.05,39,311.5,291.6
VW_adapted_1.05,40,252.5,252.5
VW_adapted_1.05,41,265.3,265.3
VW_adapted_1.05,43,268.7,268.7
VW_adapted_1.05,44,303.8,303.8
VW_adapted_1.05,45,259.4,259.4
VW_adapted_1.05,46,290.2,290.2
VW_adapted_1.05,47,285.1,285.1
VW_adapted_1.05,48,280.2,280.2
VW_adapted_1.05,49,273.9,273.9
VW_adapted_1.05,50,266.7,266.7
VW_adapted_1.05,51,262.5,262.5
VW_adapted_1.05,52,257.3,257.3
VW_adapted_1.05,53,267.9,267.9
VW_adapted_1.05,54,265.5,265.5
VW_adapted_1.05,55,262.2,262.2
VW_adapted_1.05,56,258.9,258.9
VW_adapted_1.05,57,255.4,255.4
NC_1.10,1,275.7,275.7
NC_1.10,2,332.9,332.9
NC_1.10,3,366.8,366.8
NC_1.10,4,259.8,259.8
NC_1.10,5,299.8,299.8
NC_1.10,6,322.8,322.8
NC_1.10,7,283.5,283.5
NC_1.10,8,291.4,291.4
NC_1.10,9,263.7,263.7
NC_1.10,10,348.6,348.6
NC_1.10,11,371.2,371.2
NC_1.10,12,263.6,263.6
NC_1.10,13,262.3,262.3
NC_1.10,14,269.5,269.5
NC_1.10,15,337.3,337.3
NC_1.10,17,267.9,267.9
NC_1.10,18,266.6,266.6
NC_1.10,19,308.7,308.7
NC_1.10,21,313.2,313.2
NC_1.10,22,286.3,286.3
NC_1.10,24,316.9,316.9
NC_1.10,25,369.1,369.1
NC_1.10,26,263.4,263.4
NC_1.10,27,267.7,267.7
NC_1.10,28,327.5,327.5
NC_1.10,29,295.2,295.2
NC_1.10,30,256.4,256.4
NC_1.10,31,346.6,346.6
NC_1.10,32,283.1,283.1
NC_1.10,33,275.8,275.8
NC_1.10,34,288.9,288.9
NC_1.10,35,264.3,264.3
NC_1.10,36,272.3,272.3
NC_1.10,37,365.4,365.4
NC_1.10,38,371.8,371.8
NC_1.10,39,291.6,291.6
NC_1.10,40,252.5,252.5
NC_1.10,41,265.3,265.3
NC_1.10,43,268.7,268.7
NC_1.10,44,303.8,303.8
NC_1.10,45,259.4,259.4
NC_1.10,46,290.2,290.2
NC_1.10,47,285.1,285.1
NC_1.10,48,280.2,280.2
NC_1.10,49,273.9,273.9
NC_1.10,50,266.7,266.7
NC_1.10,51,262.5,262.5
NC_1.10,52,257.3,257.3
NC_1.10,53,267.9,267.9
NC_1.10,54,265.5,265.5
NC_1.10,55,262.2,262.2
NC_1.10,56,258.9,258.9
NC_1.10,57,255.4,255.4
VVAR_1.10,1,274.0,274.0
VVAR_1.10,2,332.2,332.2
VVAR_1.10,3,366.8,366.8
VVAR_1.10,4,259.8,259.8
VVAR_1.10,5,297.3,297.3
VVAR_1.10,6,321.6,321.6
VVAR_1.10,7,282.5,282.5
VVAR_1.10,8,288.8,288.8
VVAR_1.10,9,263.7,263.7
VVAR_1.10,10,348.4,348.4
VVAR_1.10,11,371.2,371.2
VVAR_1.10,12,263.6,263.6
VVAR_1.10,13,262.3,262.3
VVAR_1.10,14,269.5,269.5
VVAR_1.10,15,337.0,337.0
VVAR_1.10,17,263.8,263.8
VVAR_1.10,18,264.6,264.6
VVAR_1.10,19,305.6,305.6
VVAR_1.10,21,312.2,312.2
VVAR_1.10,22,283.6,283.6
VVAR_1.10,24,314.1,314.1
VVAR_1.10,25,369.1,369.1
VVAR_1.10,26,263.4,263.4
VVAR_1.10,27,267.7,267.7
VVAR_1.10,28,324.1,324.1
VVAR_1.10,29,294.0,294.0
VVAR_1.10,30,256.4,256.4
VVAR_1.10,31,343.9,343.9
VVAR_1.10,32,283.1,283.1
VVAR_1.10,33,273.2,273.2
VVAR_1.10,34,288.9,288.9
VVAR_1.10,35,262.6,262.6
VVAR_1.10,36,272.3,272.3
VVAR_1.10,37,365.4,365.4
VVAR_1.10,38,371.8,371.8
VVAR_1.10,39,288.8,288.8
VVAR_1.10,40,252.5,252.5
VVAR_1.10,41,264.2,264.2
VVAR_1.10,43,267.9,267.9
VVAR_1.10,44,302.6,302.6
VVAR_1.10,45,259.3,259.3
VVAR_1.10,46,290.2,290.2
VVAR_1.10,47,285.1,285.1
VVAR_1.10,48,280.2,280.2
VVAR_1.10,49,273.9,273.9
VVAR_1.10,50,266.4,266.4
VVAR_1.10,51,262.0,262.0
VVAR_1.10,52,256.5,256.5
VVAR_1.10,53,267.9,267.9
VVAR_1.10,54,265.5,265.5
VVAR_1.10,55,262.2,262.2
VVAR_1.10,56,258.9,258.9
VVAR_1.10,57,255.4,255.4
VW_default_1.10,1,275.7,275.7
VW_default_1.10,2,332.9,332.9
VW_default_1.10,3,366.8,366.8
VW_default_1.10,4,259.8,259.8
VW_default_1.10,5,299.8,299.8
VW_default_1.10,6,322.8,322.8
VW_default_1.10,7,283.5,283.5
VW_default_1.10,8,291.4,291.4
VW_default_1.10,9,263.7,263.7
VW_default_1.10,10,348.6,348.6
VW_default_1.10,11,371.2,371.2
VW_default_1.10,12,263.6,263.6
VW_default_1.10,13,262.3,262.3
VW_default_1.10,14,269.5,269.5
VW_default_1.10,15,337.3,337.3
VW_default_1.10,17,267.9,267.9
VW_default_1.10,18,266.6,266.6
VW_default_1.10,19,308.7,308.7
VW_default_1.10,21,313.2,313.2
VW_default_1.10,22,286.3,286.3
VW_default_1.10,24,316.9,316.9
VW_default_1.10,25,369.1,369.1
VW_default_1.10,26,263.4,263.4
VW_default_1.10,27,267.7,267.7
VW_default_1.10,28,327.5,327.5
VW_default_1.10,29,295.2,295.2
VW_default_1.10,30,256.4,256.4
VW_default_1.10,31,346.6,346.6
VW_default_1.10,32,283.1,283.1
VW_default_1.10,33,275.8,275.8
VW_default_1.10,34,288.9,288.9
VW_default_1.10,35,264.3,264.3
VW_default_1.10,36,272.3,272.3
VW_default_1.10,37,365.4,365.4
VW_default_1.10,38,371.8,371.8
VW_default_1.10,39,291.6,291.6
VW_default_1.10,40,252.5,252.5
VW_default_1.10,41,265.3,265.3
VW_default_1.10,43,268.7,268.7
VW_default_1.10,44,303.8,303.8
VW_default_1.10,45,259.4,259.4
VW_default_1.10,46,290.2,290.2
VW_default_1.10,47,285.1,285.1
VW_default_1.10,48,280.2,280.2
VW_default_1.10,49,273.9,273.9
VW_default_1.10,50,266.7,266.7
VW_default_1.10,51,262.5,262.5
VW_default_1.10,52,257.3,257.3
VW_default_1.10,53,267.9,267.9
VW_default_1.10,54,265.5,265.5
VW_default_1.10,55,262.2,262.2
VW_default_1.10,56,258.9,258.9
VW_default_1.10,57,255.4,255.4
