case,bus,nameplate_kW,pv_P_kW,pv_Q_kvar,v_pv_pu,v_max_pu,trafo_P_kW,trafo_Q_kvar,trafo_S_kVA,S_over_Sn_pct,trafo_loading_pct,line_max_loading_pct
A_NC_at_NC_limit,0,82.5,82.5,0.0,1.0423,1.0423,161.86,-31.99,165.0,103.12,99.98,40.75
B_VVAR_same_size,0,82.5,82.5,-11.46,1.039,1.039,161.82,-43.47,167.55,104.72,101.79,40.85
C_VVAR_at_VVAR_limit,0,79.5,79.5,-10.75,1.0385,1.0385,158.88,-42.73,164.53,102.83,99.96,40.85
A_NC_at_NC_limit,1,82.0,82.0,0.0,1.0334,1.0349,161.9,-31.78,164.99,103.12,99.97,49.17
B_VVAR_same_size,1,82.0,82.0,-7.03,1.0317,1.0333,161.9,-38.82,166.48,104.05,101.03,49.54
C_VVAR_at_VVAR_limit,1,80.3,80.3,-6.82,1.0316,1.0331,160.2,-38.6,164.79,102.99,100.01,48.66
A_NC_at_NC_limit,2,82.7,82.7,0.0,1.0424,1.0424,161.82,-32.08,164.97,103.11,99.97,83.03
B_VVAR_same_size,2,82.7,82.7,-11.61,1.0392,1.0392,161.79,-43.71,167.59,104.74,101.82,83.75
C_VVAR_at_VVAR_limit,2,79.7,79.7,-10.95,1.0387,1.0387,158.85,-43.02,164.57,102.86,99.99,82.2
A_NC_at_NC_limit,4,80.1,80.1,0.0,1.05,1.05,158.98,-32.18,162.2,101.38,98.32,43.13
B_VVAR_same_size,4,80.1,80.1,-14.65,1.0449,1.0449,158.83,-46.88,165.6,103.5,100.71,45.21
C_VVAR_at_VVAR_limit,4,78.9,78.9,-14.25,1.0446,1.0446,157.68,-46.46,164.38,102.74,99.96,44.58
A_NC_at_NC_limit,5,80.6,80.6,0.0,1.05,1.05,159.47,-32.18,162.69,101.68,98.61,43.38
B_VVAR_same_size,5,80.6,80.6,-14.72,1.0449,1.0449,159.32,-46.96,166.1,103.81,101.01,45.47
C_VVAR_at_VVAR_limit,5,78.9,78.9,-14.16,1.0445,1.0445,157.69,-46.37,164.37,102.73,99.95,44.57
A_NC_at_NC_limit,6,82.3,82.3,0.0,1.0364,1.0364,161.94,-31.88,165.05,103.15,100.01,44.59
B_VVAR_same_size,6,82.3,82.3,-8.58,1.0342,1.0342,161.92,-40.47,166.9,104.31,101.32,45.65
C_VVAR_at_VVAR_limit,6,80.1,80.1,-8.22,1.034,1.034,159.74,-40.1,164.7,102.94,100.0,44.51
A_NC_at_NC_limit,7,82.0,82.0,0.0,1.0325,1.0337,161.95,-31.76,165.04,103.15,100.0,83.09
B_VVAR_same_size,7,82.0,82.0,-6.59,1.031,1.0322,161.95,-38.36,166.43,104.02,100.99,83.44
C_VVAR_at_VVAR_limit,7,80.3,80.3,-6.4,1.0309,1.0321,160.25,-38.16,164.73,102.96,99.97,82.56
A_NC_at_NC_limit,8,82.2,82.2,0.0,1.0355,1.0367,161.89,-31.86,165.0,103.12,99.98,51.21
B_VVAR_same_size,8,82.2,82.2,-8.16,1.0335,1.0347,161.89,-40.02,166.76,104.22,101.23,51.59
C_VVAR_at_VVAR_limit,8,80.1,80.1,-7.85,1.0334,1.0346,159.8,-39.7,164.66,102.91,99.96,50.5
A_NC_at_NC_limit,9,82.4,82.4,0.0,1.0373,1.0373,161.89,-31.94,165.01,103.13,99.99,83.06
B_VVAR_same_size,9,82.4,82.4,-9.1,1.0351,1.0351,161.87,-41.05,167.0,104.37,101.4,83.58
C_VVAR_at_VVAR_limit,9,80.1,80.1,-8.72,1.0349,1.0349,159.6,-40.66,164.7,102.94,100.01,82.4
A_NC_at_NC_limit,10,82.3,82.3,0.0,1.0353,1.0353,161.92,-31.89,165.03,103.14,100.0,83.08
B_VVAR_same_size,10,82.3,82.3,-8.08,1.0334,1.0334,161.91,-39.97,166.77,104.23,101.24,83.53
C_VVAR_at_VVAR_limit,10,80.2,80.2,-7.78,1.0332,1.0332,159.83,-39.67,164.68,102.92,99.97,82.44
A_NC_at_NC_limit,11,82.3,82.3,0.0,1.0365,1.0365,161.94,-31.88,165.04,103.15,100.01,44.59
B_VVAR_same_size,11,82.3,82.3,-8.63,1.0343,1.0343,161.91,-40.53,166.91,104.32,101.33,45.66
C_VVAR_at_VVAR_limit,11,80.1,80.1,-8.27,1.0341,1.0341,159.74,-40.16,164.71,102.94,100.0,44.52
A_NC_at_NC_limit,12,82.7,82.7,0.0,1.0414,1.0414,161.83,-32.08,164.98,103.11,99.97,53.24
B_VVAR_same_size,12,82.7,82.7,-11.16,1.0384,1.0384,161.81,-43.25,167.49,104.68,101.74,53.74
C_VVAR_at_VVAR_limit,12,79.8,79.8,-10.56,1.0381,1.0381,158.96,-42.63,164.58,102.86,99.99,52.24
A_NC_at_NC_limit,13,82.5,82.5,0.0,1.0403,1.0403,161.93,-31.96,165.06,103.16,100.02,44.6
B_VVAR_same_size,13,82.5,82.5,-10.49,1.0373,1.0373,161.88,-42.47,167.36,104.6,101.65,45.94
C_VVAR_at_VVAR_limit,13,79.8,79.8,-9.91,1.037,1.037,159.24,-41.87,164.65,102.91,100.01,44.54
