bus,baseline_kW,voltvar_kW,voltwatt_kW,watt_vs_var_improvement_%
40,252.0,252.0,252.0,0.0
57,254.9,254.9,254.9,0.0
30,255.9,255.9,255.9,0.0
52,256.8,255.9,256.8,0.4
45,258.8,258.8,258.8,0.0
56,258.8,258.8,258.8,0.0
4,259.8,259.8,259.8,0.0
13,261.7,261.7,261.7,0.0
55,261.7,261.7,261.7,0.0
51,261.7,261.7,261.7,0.0
26,262.7,262.7,262.7,0.0
12,262.7,262.7,262.7,0.0
35,263.7,261.7,263.7,0.8
9,263.7,263.7,263.7,0.0
54,264.6,264.6,264.6,0.0
41,264.6,263.7,264.6,0.3
18,266.6,263.7,266.6,1.1
50,266.6,265.6,266.6,0.4
27,267.6,267.6,267.6,0.0
17,267.6,263.7,267.6,1.5
53,267.6,267.6,267.6,0.0
43,268.6,267.6,268.6,0.4
14,269.5,269.5,269.5,0.0
36,271.5,271.5,271.5,0.0
49,273.4,273.4,273.4,0.0
33,275.4,272.5,275.4,1.1
1,275.4,273.4,275.4,0.7
48,279.3,279.3,279.3,0.0
32,282.2,282.2,282.2,0.0
7,283.2,282.2,283.2,0.4
47,284.2,284.2,284.2,0.0
22,286.1,283.2,286.1,1.0
34,288.1,288.1,288.1,0.0
46,290.0,290.0,290.0,0.0
39,291.0,288.1,291.0,1.0
8,291.0,288.1,291.0,1.0
29,294.9,293.9,294.9,0.3
5,299.8,296.9,299.8,1.0
44,303.7,301.8,303.7,0.6
19,308.6,304.7,308.6,1.3
21,312.5,311.5,312.5,0.3
24,316.4,313.5,316.4,0.9
6,322.3,321.3,322.3,0.3
28,327.1,323.2,327.1,1.2
2,332.0,332.0,332.0,0.0
15,336.9,336.9,336.9,0.0
31,345.7,343.8,345.7,0.6
10,347.7,347.7,347.7,0.0
37,365.2,365.2,365.2,0.0
3,366.2,366.2,366.2,0.0
25,369.1,369.1,369.1,0.0
11,371.1,371.1,371.1,0.0
38,371.1,371.1,371.1,0.0
